<?xml version="1.0" encoding="UTF-8"?>
<!DOCTYPE hibernate-configuration PUBLIC
		"-//Hibernate/Hibernate Configuration DTD 3.0//EN"
		"http://hibernate.sourceforge.net/hibernate-configuration-3.0.dtd">
<hibernate-configuration>
    <session-factory>
        <property name="hibernate.connection.driver_class">com.mysql.jdbc.Driver</property>
        <property name="hibernate.connection.url">jdbc:mysql://localhost:3306/video-codage</property>
        <property name="hibernate.connection.username">root</property>
        <property name="dialect">org.hibernate.dialect.MySQLDialect</property>
        <property name="hbm2ddl.auto">create</property>
        <property name="hibernate.hbm2ddl.auto">update</property>
        <property name="current_session_context_class">thread</property>
        
  <mapping resource="model/Format.hbm.xml"/>
  <mapping resource="model/Document.hbm.xml"/>
  <mapping resource="model/Contenu.hbm.xml"/>
  <mapping resource="model/Zone.hbm.xml"/>
  <mapping resource="model/Type_page.hbm.xml"/>
    </session-factory>
</hibernate-configuration>
