<?xml version="1.0"?>
<!DOCTYPE hibernate-mapping PUBLIC "-//Hibernate/Hibernate Mapping DTD 3.0//EN"
"http://hibernate.sourceforge.net/hibernate-mapping-3.0.dtd">
<!-- Generated 8 avr. 2014 21:19:58 by Hibernate Tools 3.4.0.CR1 -->
<hibernate-mapping>
    <class name="model.Format" table="FORMAT">
        <id name="id_format" type="int">
            <column name="ID_FORMAT" />
            <generator class="assigned" />
        </id>
        <property name="type_format" type="char">
            <column name="TYPE_FORMAT" />
        </property>
    </class>
</hibernate-mapping>
