<?xml version="1.0"?>
<!DOCTYPE hibernate-mapping PUBLIC "-//Hibernate/Hibernate Mapping DTD 3.0//EN"
"http://hibernate.sourceforge.net/hibernate-mapping-3.0.dtd">
<!-- Generated 8 avr. 2014 21:20:24 by Hibernate Tools 3.4.0.CR1 -->
<hibernate-mapping>
    <class name="model.Zone" table="ZONE">
        <id name="id_zone" type="int">
            <column name="ID_ZONE" />
            <generator class="assigned" />
        </id>
        <property name="id_contenu" type="int">
            <column name="ID_CONTENU" />
        </property>
        <property name="type_zone" type="char">
            <column name="TYPE_ZONE" />
        </property>
        <property name="zone" type="char">
            <column name="ZONE" />
        </property>
        <property name="x" type="int">
            <column name="X" />
        </property>
        <property name="y" type="int">
            <column name="Y" />
        </property>
        <property name="x2" type="int">
            <column name="X2" />
        </property>
        <property name="y2" type="int">
            <column name="Y2" />
        </property>
    </class>
</hibernate-mapping>
